loja;referencia;descricao;tamanho;quantidade;valor_custo;valor_venda;saida;;;;
BY UNNA Jeans;51080;Calça Cinto Cigarrete Elsa (preta);36;1;R$69,98;R$109,90;;;;;
BY UNNA Jeans;51080;Calça Cinto Cigarrete Elsa (Preta);42;1;R$69,98;R$109,90;;;;;
BY UNNA Jeans;52188;Calça Cigarrete Cacilda (Plus Size);44;1;R$69,98;R$109,90;R$69,90;;;;
BY UNNA Jeans;52179;Calça Cigarrete Lurdes;38;1;R$69,98;R$109,90;;;;;
BY UNNA Jeans;51974;Calça Cinto Cigarrete Jamille Hot Pants;42;1;R$69,98;R$109,90;R$89,90;;;;
BY UNNA Jeans;52171;Calça Cigarrete Marta Hot Pants;38;1;R$69,98;R$109,90;;;;;
BY UNNA Jeans;52195;Calça Cigarrete Fátima (Plus Size);40;1;R$69,98;R$109,90;R$89,90;;;;
BY UNNA Jeans;52195;Calça Cigarrete Fátima (Plus Size);46;1;R$69,98;R$109,90;R$109,90;;;;
BY UNNA Jeans;52009;Jaqueta Jeans BABI;G;1;R$79,98;R$119,90;R$110,00;;;;
BY UNNA Jeans;52209;Jaqueta Jeans JOANA;P;1;R$79,98;R$119,90;;;;;
BY UNNA Jeans;52209;Jaqueta Jeans JOANA;M;1;R$79,98;R$119,90;R$49,00;;;;
BY UNNA Jeans;52136;Jaqueta Jeans LANA;M;1;R$79,98;R$119,90;R$49,00;;;;
Emporio Jeans;EP247;Calça Jeans Skinny Cos Médio;42;1;R$80,75;R$159,90;R$159,90;;;;
Emporio Jeans;EP247;Calça Jeans Skinny Cos Médio;44;1;R$80,75;R$159,90;R$69,90;;;;
Emporio Jeans;EP298;Calça Jeans Skinny Cos Médio;40;1;R$80,75;R$159,90;R$89,90;;;;
Emporio Jeans;EP298;Calça Jeans Skinny Cos Médio;38;1;R$80,75;R$159,90;R$150,00;;;;
Emporio Jeans;JE2930;Calça Jeans Cigarrete Skinny ;46;1;R$80,75;R$159,90;R$99,00;;;;
Emporio Jeans;ST1982;Calça Jeans Cigarrete Skinny ;36;1;R$83,90;R$159,90;;;;;
Marca Nativa;849;Calça Feminina Jeans/Elastano Hot Pants;46;1;R$49,90;R$79,90;;;;;
Marca Nativa;682;Calça Feminina Jeans/Elastano Hot Pants;42;1;R$49,90;R$79,90;R$89,90;;;;
Marca Nativa;849;Calça Feminina Jeans/Elastano Hot Pants;44;1;R$49,90;R$79,90;R$75,90;;;;
Marca Nativa;786;Calça Feminina Jeans Intermediária;40;1;R$49,90;R$79,90;R$79,90;;;;
Marca Nativa;779;Calça Flare Jeans elastano;36;1;R$49,90;R$79,90;;;;;
Marca Nativa;786;Calça Feminina Jeans Intermediária;38;1;R$49,90;R$79,90;R$75,90;;;;
Marca Nativa;784;Camisete Feminina Jeans;M;1;R$49,90;R$79,90;R$79,90;;;GG2;
Marca Nativa;784;Camisete Feminina Jeans;P;1;R$49,90;R$79,90;R$75,90;;;;
Marca Nativa;734;Calça Feminina Jeans Intermediária Escura;42;1;R$49,90;R$79,90;;;;;
Marca Nativa;734;Calça Feminina Jeans Intermediária Escura;44;2;R$49,90;R$79,90;R$75,90;R$79,90;;;
Marca Nativa;734;Calça Feminina Jeans Intermediária Clara;40;1;R$49,90;R$79,90;R$89,90;;;;
Marca Nativa;734;Calça Feminina Jeans Intermediária Clara;42;1;R$49,90;R$79,90;R$79,90;;;;
Marca Nativa;734;Calça Feminina Jeans Intermediária Clara;44;1;R$49,90;R$79,90;;;;;
Marca Nativa;784;Camisete Feminina Jeans claro;M;1;R$55,00;R$79,90;R$79,90;;;;
Marca Nativa;784;Camisete Feminina Jeans;M;1;R$55,00;R$79,90;R$75,90;;;;
Marca Nativa;784;Camisete Feminina Jeans claro;G;1;R$55,00;R$79,90;R$79,90;;;;
Marca Nativa;784;Camisete Feminina Jeans;GG;1;R$55,00;R$79,90;;;;;
Denuncia Jeans;639335;Calça Cigarrete Feminina MID Rise Skinny;40;1;R$68,90;R$159,90;R$89,90;;;;
Denuncia Jeans;644089;Calça Feminina MID rise Slim;46;1;R$79,90;R$159,90;;;;;
Denuncia Jeans;633785;Calça Cigarrete Feminina Skinny;44;1;R$56,90;R$159,90;;;;;
Denuncia Jeans;644090;Calça Feminina MID Rise Slim;48;1;R$79,90;R$159,90;;;;;
Denuncia Jeans;639336;Calça Cigarrete Fem. MID RISE Skinny;42;1;R$68,90;R$159,90;;;;;
Denuncia Jeans;639242;Calça Cigarrete Fem. Skinny;38;1;R$76,90;R$159,90;;;;;
Denuncia Jeans;639244;Calça Cigarrete Fem. Skinny;42;1;R$76,90;R$159,90;;;;;
Le Reve;508129;Calça Skinny Hot Pants;38;1;R$79,90;R$139,90;R$139,90;;;;
Le Reve;510085;Calça Skinny Garcez;42;1;R$79,90;R$139,90;R$89,90;;;;
Le Reve;510085;Calça Skinny Garcez;44;1;R$79,90;R$139,90;R$119,00;;;;
Le Reve;602019;Calça Skinny Kaden;46;1;R$79,90;R$139,90;;;;;
Le Reve;602019;Calça Skinny Kaden;40;1;R$79,90;R$139,90;R$89,90;;;;
Le Reve;602032;Calça Boot Cut Brady;36;1;R$79,90;R$139,90;R$89,90;;;;
Camisaria Milani;702-16;Camisa Feminina Jeans;4;1;R$69,90;R$99,90;R$99,90;;;;
Camisaria Milani;704-16;Camisa Feminina Jeans Estampada;2;1;R$68,90;R$99,90;R$99,90;;;;
Camisaria Milani;704-16;Camisa Feminina Jeans Estampada;3;1;R$68,90;R$99,90;R$49,90;;;;
Camisaria Milani;712-16;Camisa Fem. C/peitilho Lisa;4;1;R$66,90;R$79,90;;;;;
Camisaria Milani;712-16;Camisa Fem. C/peitilho Lisa;4;1;R$66,90;R$79,90;;;;;
Camisaria Milani;712-16;Camisa Fem. C/peitilho Lisa;4;1;R$66,90;R$79,90;R$79,90;;;;
Camisaria Milani;724-16;Camisa Fem. C/peitilho Estampada;3;1;R$62,90;R$79,90;R$79,90;;;;
Camisaria Milani;724-16;Camisa Fem. C/peitilho Estampada;3;1;R$62,90;R$79,90;R$79,90;;;;
Camisaria Milani;724-16;Camisa Fem. C/peitilho Estampada;4;1;R$62,90;R$79,90;R$79,90;;;;
Camisaria Milani;728-16;Camisa Feminina Lisa Acetinada com Elastano;4;1;R$62,90;R$79,90;R$79,90;;;;
Camisaria Milani;728-16;Camisa Feminina Lisa Acetinada com Elastano;5;1;R$62,90;R$79,90;;;;;
Camisaria Milani;728-16;Camisa Feminina Lisa Acetinada com Elastano;3;1;R$62,90;R$79,90;;;;;
Camisaria Milani;728-16;Camisa Feminina Lisa Acetinada com Elastano;2;1;R$62,90;R$79,90;R$79,90;;;;
Camisaria Milani;732-16;Camisa Feminina Listra Horizontal c/elastano;3;1;R$62,90;R$79,90;;;;;
Camisaria Milani;736-16;Camisa Fem. Listra c/elastano Det. Floral;3;1;R$62,90;R$79,90;;;;;
Camisaria Milani;754-16;Camisa Feminina estampada;2;1;R$62,90;R$79,90;;;;;
Camisaria Milani;754-16;Camisa Feminina estampada;2;1;R$62,90;R$79,90;R$79,90;;;;
Menina Rebelde;11602-008;Blusa Pontos trabalhados dec canoa;GG;1;R$89,90;R$129,90;;;;;
Menina Rebelde;11606;Blusa trabalhada Dec Redondo;M;1;R$89,90;R$129,90;;;;;
Menina Rebelde;11615;Blusa Det decote v;P;1;R$59,90;R$79,90;;;;;
Menina Rebelde;11615;Blusa Det decote v;M;1;R$59,90;R$79,90;R$79,90;;;;
Menina Rebelde;11615;Blusa Det decote v;M;1;R$59,90;R$79,90;R$79,90;;;;
Menina Rebelde;11615;Blusa Det decote v;G;1;R$59,90;R$79,90;;;;;
Gata Linda;;Blusinha de lã (Pink);M;1;R$29,90;R$59,90;R$59,90;;;;
Gata Linda;;Blusinha de lã (Bege);M;1;R$29,90;R$59,90;;;;;
Gata Linda;;Blusinha de lã (Azul escuro);M;1;R$29,90;R$59,90;;;;;
Gata Linda;;Blusinha de lã (Marron);M;1;R$29,90;R$59,90;;;;;
Gata Linda;;Blusinha de lã (Vermelho);M;1;R$29,90;R$59,90;R$59,90;;;;
Gata Linda;;Blusinha de lã (Verde);M;1;R$29,90;R$59,90;;;;;
Gata Linda;;Blusinha de lã (Estampada);M;1;R$29,90;R$69,90;R$69,90;;;;
Allpin - Stop Shop;400126;Blusa Ribana V;P;3;R$19,90;R$29,90;R$29,90;R$25,00;;;
Allpin - Stop Shop;400126;Blusa Ribana V;M;4;R$19,90;R$29,90;R$29,90;;;;
Allpin - Stop Shop;400126;Blusa Ribana V;G;2;R$19,90;R$29,90;;;;;
Allpin - Stop Shop;400126;Blusa Ribana V;GG;2;R$19,90;R$29,90;R$29,90;;;;
Allpin - Stop Shop;400121;Vest. Ribana V;P;2;R$21,90;R$31,90;R$30,00;;;;
Allpin - Stop Shop;400121;Vest. Ribana V;M;2;R$21,90;R$31,90;;;;;
Allpin - Stop Shop;400121;Vest. Ribana V;G;2;R$21,90;R$31,90;R$28,40;;;;
Allpin - Stop Shop;400121;Vest. Ribana V;GG;2;R$21,90;R$31,90;;;;;
Allpin - Stop Shop;400210;Blusa Basica Viscose;GG;2;R$17,90;R$27,90;R$27,90;;;;
Allpin - Stop Shop;400210;Blusa Basica Viscose;G;2;R$17,90;R$27,90;R$25,11;;;;
Allpin - Stop Shop;400210;Blusa Basica Viscose;M;2;R$17,90;R$27,90;;;;;
Allpin - Stop Shop;400210;Blusa Basica Viscose;P;2;R$17,90;R$27,90;;;;;
Allpin - Stop Shop;400090;Calça Legging Flanelada;M;4;R$25,90;R$35,90;R$35,90;;;;
Allpin - Stop Shop;400090;Calça Legging Flanelada;G;3;R$25,90;R$35,90;R$34,00;R$35,90;;;
Allpin - Stop Shop;400090;Calça Legging Flanelada;P;5;R$25,90;R$35,90;R$35,90;R$35,90;R$34,00;R$34,00;
Allpin - Stop Shop;400090;Calça Legging Flanelada;P;2;R$25,90;R$35,90;R$35,90;R$34,00;;;
Allpin - Stop Shop;400090;Calça Legging Flanelada;M;1;R$25,90;R$35,90;;;;;
Allpin - Stop Shop;400090;Calça Legging Flanelada;G;2;R$25,90;R$35,90;;;;;
Allpin - Stop Shop;400090;Calça Legging Flanelada;GG;2;R$25,90;R$35,90;R$30,00;;;;
Allpin - Stop Shop;400015;Calça Montaria Suplex;P;2;R$35,90;R$49,90;R$49,90;R$47,40;;;
Allpin - Stop Shop;400015;Calça Montaria Suplex;M;2;R$35,90;R$49,90;R$49,90;R$47,40;;;
Allpin - Stop Shop;400015;Calça Montaria Suplex;G;1;R$35,90;R$49,90;R$49,90;;;;
Allpin - Stop Shop;400015;Calça Montaria Suplex;GG;2;R$35,90;R$49,90;R$47,40;;;;
Allpin - Stop Shop;400050;Calça Montaria Mat;M;1;R$39,90;R$55,90;R$55,90;;;;
Allpin - Stop Shop;400111;Blazer forro Preto;P;1;R$48,90;R$75,00;R$75,00;;;;
Allpin - Stop Shop;400111;Blazer forro Azul marinho;G;1;R$48,90;R$75,00;R$70,00;;;;
Allpin - Stop Shop;400111;Blazer forro vermelho;GG;1;R$48,90;R$75,00;;;;;
Allpin - Stop Shop;400111;Blazer forro Cinza;M;1;R$48,90;R$75,00;;;;;
Allpin - Stop Shop;400060;Calça Montaria Favo;P;1;R$34,90;R$59,90;;;;;
Allpin - Stop Shop;400060;Calça Montaria Favo;P;1;R$34,90;R$59,90;;;;;
Allpin - Stop Shop;400060;Calça Montaria Favo;M;1;R$34,90;R$59,90;R$50,00;;;;
Allpin - Stop Shop;400060;Calça Montaria Favo;M;1;R$34,90;R$59,90;R$59,90;;;;
Allpin - Stop Shop;400060;Calça Montaria Favo;G;1;R$34,90;R$59,90;R$59,90;;;;
Allpin - Stop Shop;400060;Calça Montaria Favo;G;1;R$34,90;R$59,90;;;;;
Allpin - Stop Shop;400015;Calça Montaria Suplex;P;3;R$35,90;R$49,90;R$47,40;;;;
Allpin - Stop Shop;400015;Calça Montaria Suplex;M;4;R$35,90;R$49,90;R$47,40;R$49,90;R$49,90;;
Allpin - Stop Shop;400015;Calça Montaria Suplex;G;2;R$35,90;R$49,90;R$49,90;;;;
Allpin - Stop Shop;400015;Calça Montaria Suplex;GG;2;R$35,90;R$49,90;R$49,90;;;;
Sodaela - All Shopping;45902001;Blusa;M;1;R$39,90;R$59,90;;;;;
Sodaela - All Shopping;375302001;Blusa;M;1;R$39,90;R$59,90;;;;;
Sodaela - All Shopping;375301001;Blusa;P;1;R$39,90;R$59,90;;;;;
Sodaela - All Shopping;375303001;Blusa;G;1;R$39,90;R$59,90;;;;;
Sodaela - All Shopping;48601001;Blusa;P;1;R$39,90;R$59,90;;;;;
Sodaela - All Shopping;186802001;Blusa;M;1;R$39,90;R$59,90;;;;;
Sodaela - All Shopping;39402001;Blusa;M;1;R$39,90;R$59,90;;;;;
Sodaela - All Shopping;47601001;Blusa;P;1;R$39,90;R$59,90;;;;;
Sodaela - All Shopping;48302001;Blusa;M;1;R$39,90;R$59,90;R$59,90;;;;
Sodaela - All Shopping;40601001;Blusa;P;1;R$39,90;R$59,90;;;;;
Sodaela - All Shopping;40601001;Blusa;P;1;R$39,90;R$59,90;;;;;
Sodaela - All Shopping;40602001;Blusa;M;1;R$39,90;R$59,90;R$59,90;;;;
Sodaela - All Shopping;41603001;Blusa;G;1;R$39,90;R$59,90;;;;;
Sodaela - All Shopping;41602001;Blusa;M;1;R$39,90;R$59,90;;;;;
Sodaela - All Shopping;41601001;Blusa;P;1;R$39,90;R$59,90;;;;;
Sodaela - All Shopping;48301001;Blusa;P;1;R$39,90;R$59,90;;;;;
Sodaela - All Shopping;48602001;Blusa;M;1;R$39,90;R$59,90;R$59,90;;;;
Sodaela - All Shopping;47602001;Blusa;M;1;R$39,90;R$59,90;R$59,90;;;;
Sodaela - All Shopping;348402001;Jaqueta;M;1;R$49,90;R$79,90;R$49,90;;;;
Sodaela - All Shopping;348403001;Jaqueta;G;1;R$49,90;R$79,90;R$79,90;;;;
Sodaela - All Shopping;348401001;Jaqueta;P;1;R$49,90;R$79,90;R$49,90;;;;
Cardium - Catarina;881170;Blazer com bolso falso listrado;G;1;R$59,90;R$89,90;R$83,60;;;;
Cardium - Catarina;884780;Casaco decote redondo aberto frontal;P;1;R$59,90;R$89,90;;;;;
Cardium - Catarina;884780;Casaco decote redondo aberto frontal;M;1;R$59,90;R$89,90;;;;;
Cardium - Catarina;88773;Blusa alongada listrada;G;1;R$59,90;R$89,90;R$89,90;;;;
Cardium - Catarina;88796;Blusa manga alongada lisa;M;1;R$59,90;R$89,90;;;;;
Cardium - Catarina;88724;Cardigan fem. com listras lisa;M;1;R$59,90;R$89,90;;;;;
Cardium - Catarina;88724;Cardigan fem. com listras lisa;M;1;R$59,90;R$89,90;;;;;
Cardium - Catarina;88724;Cardigan fem. com listras lisa;G;1;R$59,90;R$89,90;;;;;
Gata Linda;;Blazer;G;1;R$49,90;R$69,90;;;;;
Gata Linda;;Blazer;G;1;R$49,90;R$69,90;;;;;
Gata Linda;;Blazer;P;1;R$49,90;R$69,90;;;;;
Gata Linda;;Blazer;P;1;R$69,90;R$86,90;;;;;
Gata Linda;;Blazer;GG;1;R$69,90;R$86,90;R$49,90;;;;
Gata Linda;;Blazer;G;1;R$69,90;R$86,90;R$86,90;;;;
Gata Linda;;Blazer;M;1;R$69,90;R$86,90;;;;;
Gata Linda;;Blusade lã Juvenil;M;1;R$79,90;R$99,90;R$69,90;;;;
Gata Linda;;Blusade lã Juvenil;M;1;R$79,90;R$99,90;R$49,00;;;;
Gata Linda;;Blusade lã Juvenil;M;1;R$49,90;R$69,90;R$69,90;;;;
Gata Linda;;Blusade lã Juvenil;M;1;R$49,90;R$69,90;R$69,90;;;;
Gata Linda;;Blusade lã Juvenil;M;1;R$49,90;R$69,90;;;;;
Gata Linda;;Blusade lã Juvenil;M;1;R$49,90;R$69,90;;;;;
Gata Linda;;Blusade lã Juvenil;M;1;R$49,90;R$69,90;;;;;
Gata Linda;;Blusade lã Juvenil;M;1;R$49,90;R$69,90;;;;;
Gata Linda;;Blusade lã Juvenil;M;1;R$49,90;R$69,90;R$50,00;;;;
Gata Linda;;Blusade lã Juvenil;M;1;R$49,90;R$69,90;R$69,90;;;;
Ricardo - Lecimar;700376;Jaqueta Lecimar Mescla ;M;1;R$70,00;R$105,00;;;;;
Ricardo - Lecimar;700376;Jaqueta Lecimar Mescla ;G;1;R$70,00;R$105,00;;;;;
Ricardo - Lecimar;700376;Jaqueta Lecimar Marsala;M;1;R$70,00;R$105,00;;;;;
Ricardo - Lecimar;700376;Jaqueta Lecimar Preto;P;1;R$70,00;R$105,00;;;;;
Ricardo - Lecimar;700376;Jaqueta Lecimar Petroleo;P;1;R$70,00;R$105,00;;;;;
Tre Fiori - Jaraguá;758;Blusa ;M;1;R$53,00;R$89,90;;;;;
Tre Fiori - Jaraguá;778;Cardigan preto;M;1;R$59,31;R$89,90;R$89,90;;;;
Tre Fiori - Jaraguá;783;Jaqueta;M;1;R$62,91;R$95,00;;;;;
Tre Fiori - Jaraguá;746;Blusa;M;1;R$29,00;R$58,00;;;;;
Tre Fiori - Jaraguá;762;Blusa;M;1;R$35,90;R$69,90;;;;;
Eterna Magia;1971;Colete de pêlo preto;M;1;R$40,00;R$79,90;R$79,90;;;;
Eterna Magia;1971;Colete de pêlo marrom;G;1;R$40,00;R$79,90;R$79,90;;;;
Cativa - Stop Shop;45003;Blusa Loba com renda (Lupo);M;4;R$39,90;R$59,90;R$39,90;R$39,90;R$39,90;;
Cativa - Stop Shop;45003;Blusa Loba com renda (Lupo);G;7;R$39,90;R$59,90;;;;;
Cativa - Stop Shop;18951;Blusa Primavera Verão Marilúcia;M;4;R$24,90;R$34,90;R$34,90;;;;
Cativa - Stop Shop;18951;Blusa Primavera Verão Marilúcia;G;4;R$24,90;R$34,90;R$24,90;;;;
Cativa - Stop Shop;18951;Blusa Primavera Verão Marilúcia;GG;4;R$24,90;R$34,90;;;;;
Cativa - Stop Shop;250;Blusa Primavera Verão Lunender;P;2;R$24,90;R$39,90;R$25,00;;;;
Cativa - Stop Shop;250;Blusa Primavera Verão Lunender;M;2;R$24,90;R$39,90;;;;;
Cativa - Stop Shop;250;Blusa Primavera Verão Lunender;G;2;R$24,90;R$39,90;R$39,90;R$25,00;;;
Cativa - Stop Shop;250;Blusa Primavera Verão Lunender;GG;2;R$24,90;R$39,90;R$39,90;;;;
Marca Nativa;702-9;Calça Jeans Fem Rosa;36;1;R$53,90;R$89,90;;;;;
Marca Nativa;702-9;Calça Jeans Fem Rosa;40;1;R$53,90;R$89,90;;;;;
Marca Nativa;786;Calça Jeans Feminina;48;1;R$53,90;R$89,90;R$80,00;;;;
Marca Nativa;786;Calça Jeans Feminina;44;1;R$53,90;R$89,90;R$74,00;;;;
Marca Nativa;888;Calça Jeans Feminina;38;1;R$53,90;R$89,90;R$89,90;;;;
Marca Nativa;696;Calça Jeans Feminina;46;1;R$53,90;R$89,90;;;;;
Marca Nativa;786;Calça Jeans Feminina;40;1;R$53,90;R$89,90;R$89,90;;;;
Marca Nativa;734;Calça Jeans Feminina;40;1;R$53,90;R$89,90;;;;;
Marca Nativa;890;Calça Jeans Feminina;40;1;R$53,90;R$89,90;;;;;
Marca Nativa;734;Calça Jeans Feminina;38;1;R$53,90;R$89,90;R$89,90;;;;
Marca Nativa;890;Calça Jeans Feminina;38;1;R$53,90;R$89,90;R$89,90;;;;
Marca Nativa;786;Calça Jeans Feminina;34;1;R$53,90;R$89,90;;;;;
Marca Nativa;734;Calça Jeans Feminina;34;1;R$53,90;R$89,90;R$89,90;;;;
Marca Nativa;760;Bermuda fem. Jeans;38;1;R$47,00;R$79,90;;;;;
Marca Nativa;827;Bermuda feminina;40;1;R$47,00;R$79,90;R$79,90;;;;
Marca Nativa;827;Bermuda feminina;42;1;R$47,00;R$79,90;;;;;
Marca Nativa;760;Bermuda feminina;44;1;R$47,00;R$79,90;;;;;
Marca Nativa;760;Bermuda feminina;42;1;R$47,00;R$79,90;;;;;
Marca Nativa;760;Bermuda feminina;40;1;R$47,00;R$79,90;;;;;
Marca Nativa;760;Bermuda feminina;46;1;R$47,00;R$79,90;R$49,90;;;;
Marca Nativa;760;Bermuda feminina;48;1;R$47,00;R$79,90;;;;;
Marca Nativa;760;Bermuda feminina;36;1;R$47,00;R$79,90;R$79,90;;;;
Marca Nativa;827;Bermuda feminina;38;1;R$47,00;R$79,90;R$49,90;;;;
Marca Nativa;913;Short feminino;42;1;R$47,00;R$79,90;;;;;
Marca Nativa;913;Short feminino;40;1;R$47,00;R$79,90;R$49,90;;;;
Marca Nativa;913;Short feminino;38;1;R$47,00;R$79,90;R$79,90;;;;
Marca Nativa;913;Short feminino;44;1;R$47,00;R$79,90;R$79,90;;;;
Marca Nativa;914;Short feminino;44;1;R$47,00;R$79,90;R$49,90;;;;
Marca Nativa;827;Bermuda feminina;46;1;R$47,00;R$79,90;;;;;
Marca Nativa;827;Bermuda feminina;44;1;R$47,00;R$79,90;R$49,90;;;;
Marca Nativa;768;Short feminino;42;1;R$47,00;R$79,90;;;;;
Marca Nativa;768;Short feminino;40;1;R$47,00;R$79,90;R$49,90;;;;
Marca Nativa;768;Short feminino;38;1;R$47,00;R$79,90;R$49,90;;;;
Marca Nativa;768;Short feminino;36;1;R$47,00;R$79,90;R$49,90;;;;
Marca Nativa;677;Short feminino;36;1;R$47,00;R$79,90;;;;;
Marca Nativa;677;Short feminino;38;1;R$47,00;R$79,90;;;;;
Marca Nativa;677;Short feminino;34;1;R$47,00;R$79,90;;;;;
Marca Nativa;911;Short feminino;40;1;R$47,00;R$79,90;R$49,90;;;;
Marca Nativa;911;Short feminino;38;1;R$47,00;R$79,90;;;;;
Marca Nativa;911;Short feminino;36;1;R$47,00;R$79,90;R$79,90;;;;
Marca Nativa;914;Short feminino;42;1;R$47,00;R$79,90;;;;;
Marca Nativa;914;Short feminino;40;1;R$47,00;R$79,90;;;;;
Marca Nativa;914;Short feminino;38;1;R$47,00;R$79,90;;;;;
Marca Nativa;914;Short feminino;48;1;R$47,00;R$79,90;;;;;
Marca Nativa;914;Short feminino;46;1;R$47,00;R$79,90;;;;;
Marca Nativa;915;Bermuda feminina;46;1;R$47,00;R$79,90;;;;;
Marca Nativa;915;Bermuda feminina;48;1;R$47,00;R$79,90;;;;;
Marca Nativa;915;Bermuda feminina;44;1;R$47,00;R$79,90;;;;;
Marca Nativa;915;Bermuda feminina;42;1;R$47,00;R$79,90;R$79,90;;;;
Marca Nativa;915;Bermuda feminina;38;1;R$47,00;R$79,90;R$79,90;;;;
Marca Nativa;915;Bermuda feminina;40;1;R$47,00;R$79,90;R$71,90;;;;
Marca Nativa;826;Bermuda feminina;42;1;R$47,00;R$79,90;;;;;
Marca Nativa;826;Bermuda feminina;40;1;R$47,00;R$79,90;R$49,90;;;;
Marca Nativa;826;Bermuda feminina;38;1;R$47,00;R$79,90;;;;;
Marca Nativa;752;Bermuda feminina;42;1;R$47,00;R$79,90;;;;;
Marca Nativa;752;Bermuda feminina;48;1;R$47,00;R$79,90;;;;;
Marca Nativa;752;Bermuda feminina;46;1;R$47,00;R$79,90;R$49,90;;;;
Marca Nativa;752;Bermuda feminina;44;1;R$47,00;R$79,90;R$49,90;;;;
Marca Nativa;752;Bermuda feminina;40;1;R$47,00;R$79,90;;;;;
Tre Fiori - Jaraguá;856;Vestido longo;M;1;R$71,92;R$119,90;;;;;
Tre Fiori - Jaraguá;858;Macacão longo preto;G;1;R$52,16;R$104,90;R$69,90;;;;
Tre Fiori - Jaraguá;865;Short feminino moletinho Cinza;M;1;R$30,88;R$59,90;;;;;
Tre Fiori - Jaraguá;865;Short feminino moletinho Preto;G;1;R$30,88;R$59,90;R$59,90;;;;
Tre Fiori - Jaraguá;864;Calça moletinho preta;M;1;R$39,68;R$69,90;R$69,90;;;;
Tre Fiori - Jaraguá;864;Calça moletinho preta;G;1;R$39,68;R$69,90;;;;;
Tre Fiori - Jaraguá;847;Vestido curto;M;1;R$55,92;R$99,90;;;;;
Tre Fiori - Jaraguá;847;Vestido curto;G;1;R$55,92;R$99,90;R$89,90;;;;
Tre Fiori - Jaraguá;845;Vestido curto;P;1;R$55,92;R$99,90;;;;;
Tre Fiori - Jaraguá;845;Vestido curto;M;1;R$55,92;R$99,90;R$89,90;;;;
Tre Fiori - Jaraguá;840;Vestido curto;M;1;R$47,92;R$89,90;;;;;
Tre Fiori - Jaraguá;857;Macaquinho;M ;1;R$46,96;R$89,90;;;;;
Tre Fiori - Jaraguá;857;Macaquinho;G;1;R$46,96;R$89,90;;;;;
Tre Fiori - Jaraguá;857;Macaquinho;GG;1;R$46,96;R$89,90;;;;;
Tre Fiori - Jaraguá;848;Vestido;M;1;R$39,92;R$69,90;R$49,00;;;;
Tre Fiori - Jaraguá;848;Blusa;G;1;R$39,92;R$69,90;;;;;
Tre Fiori - Jaraguá;839;Vestido;M;1;R$39,12;R$79,90;;;;;
Tre Fiori - Jaraguá;839;Vestido;G;1;R$39,12;R$79,90;;;;;
Tre Fiori - Jaraguá;841;Vestido;M;1;R$42,64;R$85,00;R$75,00;;;;
Tre Fiori - Jaraguá;841;Vestido;GG;1;R$42,64;R$85,00;;;;;
Tre Fiori - Jaraguá;844;Vestido;M;1;R$42,64;R$85,00;;;;;
Tre Fiori - Jaraguá;846;Vestido;G;1;R$47,60;R$99,90;R$99,90;;;;
Tre Fiori - Jaraguá;826;Blusa;M;1;R$24,56;R$49,00;R$49,00;;;;
Tre Fiori - Jaraguá;863;Blusa;P;1;R$23,92;R$47,80;;;;;
Tre Fiori - Jaraguá;837;Blusa;G;1;R$23,92;R$47,80;;;;;
Tre Fiori - Jaraguá;861;Blusa;GG;1;R$23,92;R$47,80;;;;;
Tre Fiori - Jaraguá;862;Blusa;M;1;R$23,92;R$47,80;R$47,80;;;;
Tre Fiori - Jaraguá;832;Blusa;G;1;R$29,36;R$58,70;R$58,70;;;;
Tre Fiori - Jaraguá;835;Blusa;G;1;R$26,00;R$52,00;R$52,00;;;;
Tre Fiori - Jaraguá;843;Blusa;M;1;R$35,12;R$69,90;R$69,90;;;;
Tre Fiori - Jaraguá;828;Blusa;GG;1;R$25,52;R$49,90;;;;;
Tre Fiori - Jaraguá;838;Blusa;M;1;R$33,28;R$66,50;R$60,00;;;;
Tre Fiori - Jaraguá;829;Blusa;M;1;R$39,92;R$79,90;R$79,90;;;;
Tre Fiori - Jaraguá;822;Regata;P;1;R$30,32;R$59,90;R$30,00;;;;
Tre Fiori - Jaraguá;821;Regata;M;1;R$21,52;R$43,00;R$20,00;;;;
Tre Fiori - Jaraguá;821;Regata;G;1;R$21,52;R$43,00;R$25,00;;;;
Tre Fiori - Jaraguá;820;Regata;G;1;R$26,00;R$49,90;R$20,00;;;;
Tre Fiori - Jaraguá;872;Blusa;M+;1;R$31,04;R$62,00;R$62,00;;;;
Tre Fiori - Jaraguá;879;Blusa;M+;1;R$37,84;R$75,60;R$75,60;;;;
Tre Fiori - Jaraguá;868;Blusa;P+;1;R$33,36;R$66,70;R$66,70;;;;
Tre Fiori - Jaraguá;882;Blusa;M+;1;R$29,44;R$58,80;R$58,80;;;;
Tre Fiori - Jaraguá;866;Blusa;P+;1;R$34,08;R$68,00;R$68,00;;;;
Tre Fiori - Jaraguá;883;Blusa;P+;1;R$27,92;R$55,80;R$55,80;;;;
Tre Fiori - Jaraguá;880;Blusa;M+;1;R$47,92;R$95,80;R$95,80;;;;
Tre Fiori - Jaraguá;884;Blusa;M+;1;R$45,36;R$89,90;;;;;
Eterna Magia;2086;Shorts Pique liso;36;1;R$58,80;R$89,90;;;;;
Eterna Magia;2086;Shorts Pique liso;38;1;R$58,80;R$89,90;;;;;
Eterna Magia;2086;Shorts Pique liso;40;1;R$58,80;R$89,90;;;;;
Eterna Magia;2080;Shorts jeans com moletinho;P;1;R$39,90;R$67,90;;;;;
Eterna Magia;2080;Shorts jeans com moletinho;M;1;R$39,90;R$67,90;;;;;
Eterna Magia;2080;Shorts jeans com moletinho;G;1;R$39,90;R$67,90;R$39,90;;;;
Eterna Magia;2087;Shorts brim liso;P;1;R$49,90;R$84,90;;;;;
Eterna Magia;2087;Shorts brim liso;M;1;R$49,90;R$84,90;;;;;
Eterna Magia;2087;Shorts brim liso;G;1;R$49,90;R$84,90;;;;;
Eterna Magia;2087;Shorts brim liso;GG;1;R$49,90;R$84,90;;;;;
Eterna Magia;2091;Calça Flare Newpremmer;P;1;R$59,90;R$99,90;;;;;
Eterna Magia;2091;Calça Flare Newpremmer;M;1;R$59,90;R$99,90;;;;;
Eterna Magia;2061;Vestido viscose estampado ciganinha;M;1;R$59,90;R$99,00;;;;;
Eterna Magia;2017;Blusa de viscose listrada com renda ;M;1;R$39,50;R$79,00;R$65,00;;;;
Eterna Magia;2042;Saia jeans;P;1;R$49,90;R$84,90;;;;;
Eterna Magia;2042;Saia jeans;M;1;R$49,90;R$84,90;;;;;
Eterna Magia;2042;Saia jeans;G;1;R$49,90;R$84,90;;;;;
Eterna Magia;2008;bLUSA DE VISCOSE COM RENDA MANGA;P;1;R$39,80;R$65,00;R$39,90;;;;
Eterna Magia;2008;bLUSA DE VISCOSE COM RENDA MANGA;M;1;R$39,80;R$65,00;R$65,00;;;;
Tre Fiori - Jaraguá;865;Shortinho moletinho cinza mescla;GG;1;R$30,88;R$59,90;R$59,90;;;;
Tre Fiori - Jaraguá;865;Shortinho moletinho azul escuro;GG;1;R$30,88;R$59,90;R$59,90;;;;
Tre Fiori - Jaraguá;628;Blusinha Plus Size;GG;1;R$20,00;R$49,90;R$20,00;;;;
Tre Fiori - Jaraguá;620;Blusinha feminina;P;1;R$20,00;R$49,90;R$49,90;;;;
Tre Fiori - Jaraguá;670;Blusinha Plus Size;GG;1;R$25,00;R$49,90;;;;;
Tre Fiori - Jaraguá;676;Blusinha Plus Size;GG;1;R$25,00;R$49,90;;;;;
Tre Fiori - Jaraguá;808;Blusinha Plus Size;P+;1;R$25,00;R$49,90;R$49,90;;;;
Tre Fiori - Jaraguá;681;Blusinha Plus Size;M+;1;R$25,00;R$49,90;R$20,00;;;;
Tre Fiori - Jaraguá;732;Blusinha Plus Size;M+;1;R$25,00;R$49,90;;;;;
Tre Fiori - Jaraguá;670;Blusinha Plus Size;M+;1;R$25,00;R$49,90;;;;;
Tre Fiori - Jaraguá;680;Blusinha Plus Size;P+;1;R$25,00;R$49,90;R$49,90;;;;
By Unna;52105;Calça cinto ciga UNna Helena;46;1;R$69,98;R$109,90;R$89,90;;;;
By Unna;52105;Calça cinto ciga UNna Helena;48;1;R$69,98;R$109,90;;;;;
By Unna;100002966;Blusa Unna Sarita;P;1;R$39,98;R$79,90;R$39,90;;;;
By Unna;1003096;Blusa Unna Giovana;GG;1;R$39,98;R$79,90;R$39,90;;;;
By Unna;52036;Calça cinto ciga Unna Beatriz;48;1;R$69,98;R$109,90;;;;;
By Unna;52036;Calça cinto ciga Unna Beatriz;44;1;R$69,98;R$109,90;;;;;
By Unna;52451;Maxi colete Unna Fabiola;M;1;R$79,98;R$119,90;R$69,90;;;;
By Unna;52451;Maxi colete Unna Fabiola;G;1;R$79,98;R$119,90;R$69,90;;;;
By Unna;100003117;Vestido Unna Maura;P;2;R$39,98;R$79,90;R$39,90;;;;
By Unna;100003091;Vestido Unna Laura;M;1;R$59,98;R$79,90;R$39,90;;;;
Camisaria Milani;205-17;Camisa Feminina Lisa Det Renda Extra 7/8;6;1;R$59,41;R$79,90;R$79,90;;;;
Camisaria Milani;205-17;Camisa Feminina Lisa Det Renda Extra 7/8;7;1;R$59,41;R$79,90;R$49,90;;;;
Camisaria Milani;215-17;Camisa Feminina Lisa Extra M/C;6;1;R$52,61;R$79,90;R$79,90;;;;
Camisaria Milani;215-17;Camisa Feminina Lisa Extra M/C;7;1;R$52,61;R$79,90;R$49,90;;;;
Camisaria Milani;226-17;Camisa Feminina Lisa S/M;4;1;R$44,96;R$67,50;R$67,50;;;;
Camisaria Milani;226-17;Camisa Feminina Lisa S/M;5;1;R$44,96;R$67,50;;;;;
Camisaria Milani;227-17;Camisa Feminina Lisa extra S/M;6;1;R$50,06;R$75,00;R$75,00;;;;
Camisaria Milani;227-17;Camisa Feminina Lisa extra S/M;7;1;R$50,06;R$75,00;;;;;
Camisaria Milani;230-17;Camisa feminina Estampada S/M;3;1;R$44,96;R$67,50;;;;;
Camisaria Milani;230-17;Camisa feminina Estampada S/M;4;1;R$44,96;R$67,50;;;;;
Camisaria Milani;230-17;Camisa feminina Estampada S/M;5;1;R$44,96;R$67,50;;;;;
Camisaria Milani;231-17;Camisa Feminina Estampada extra S/M;6;1;R$50,06;R$75,00;R$75,00;;;;
Camisaria Milani;231-17;Camisa Feminina Estampada extra S/M;7;1;R$50,06;R$75,00;R$75,00;;;;
Camisaria Milani;232-17;Camisa Feminina Lisa S/M;3;1;R$47,51;R$69,90;R$69,90;;;;
Camisaria Milani;236-17;Blusa Feminina Estampada M/C;3;1;R$38,16;R$69,90;R$69,90;;;;
Camisaria Milani;238-17;Blusa Feminina Lisa M/C;5;1;R$38,16;R$69,90;;;;;
Camisaria Milani;770-16;Camisa Feminina Estampada S/Gola M/L;5;1;R$53,46;R$79,90;;;;;
Camisaria Milani;771-16;Camisa Feminina Estampada s/Gola Extra M/L;7;1;R$59,41;R$79,90;;;;;
Maugi Plus Size;5030;Bermuda /shorts ;G2;1;R$26,99;R$39,90;;;;;
Maugi Plus Size;5060;Bermuda /shorts ;G3;1;R$23,99;R$35,90;;;;;
Maugi Plus Size;55237;Bermuda /shorts ;G2;1;R$79,99;R$119,90;;;;;
Maugi Plus Size;55237;Bermuda /shorts ;G3;1;R$79,99;R$119,90;R$119,90;;;;
Maugi Plus Size;55282;Bermuda /shorts ;G1;1;R$79,99;R$119,90;;;;;
Maugi Plus Size;4110;Blusa Maugi Plus Size;G2;1;R$36,99;R$69,90;R$69,90;;;;
Maugi Plus Size;4110;Blusa Maugi Plus Size;G2;1;R$36,99;R$69,90;R$39,90;;;;
Maugi Plus Size;500;Blusa Maugi Plus Size;G3;1;R$29,99;R$59,90;R$59,90;;;;
Maugi Plus Size;505;Blusa Maugi Plus Size;G3;1;R$39,99;R$59,90;;;;;
Maugi Plus Size;MOD1230;Blusa Maugi Plus Size;G3;1;R$59,99;R$89,90;R$89,90;;;;
Maugi Plus Size;MOD982;Blusa Maugi Plus Size;G2;1;R$69,99;R$99,00;;;;;
Maugi Plus Size;5020;Calça Maugi Plus Size;G1;1;R$29,99;R$49,90;;;;;
Maugi Plus Size;5020;Calça Maugi Plus Size;G2;1;R$29,99;R$49,90;;;;;
Maugi Plus Size;5020;Calça Maugi Plus Size;G3;1;R$29,99;R$49,90;;;;;
Maugi Plus Size;5065;Calça Maugi Plus Size;G2;1;R$26,99;R$39,90;;;;;
Maugi Plus Size;5065;Calça Maugi Plus Size;G3;1;R$26,99;R$39,90;;;;;
Maugi Plus Size;611932;Camisa Maugi Plus;G2;1;R$49,99;R$75,00;;;;;
Maugi Plus Size;611932;Camisa Maugi Plus;G2;1;R$49,99;R$75,00;;;;;
Maugi Plus Size;MOD1241;Saia Maugi Plus;G3;1;R$59,99;R$89,99;;;;;
Maugi Plus Size;MOD1242;Saia Maugi Plus;G2;1;R$59,99;R$89,99;;;;;
Tre Fiori - Jaraguá;848;Vestido preto;G;1;R$39,90;R$69,90;;;;;
Tre Fiori - Jaraguá;829;Blusa ciganinha ;P;1;R$39,90;R$79,90;R$39,90;;;;
Tre Fiori - Jaraguá;829;Blusa ciganinha ;P;1;R$39,90;R$79,90;;;;;
Tre Fiori - Jaraguá;894;Macaquinho Plus Size;P+;1;R$63,90;R$99,90;;;;;
Tre Fiori - Jaraguá;894;Macaquinho Plus Size;M+;1;R$63,90;R$99,90;R$69,90;;;;
Camisaria Milani;214-17;Camisa feminina Lisa M/C;3;1;R$49,22;R$69,90;;;;;
Camisaria Milani;216-17;Camisa feminina lisa Crepe M/C;4;1;R$49,22;R$79,90;R$79,90;;;;
Camisaria Milani;218-17;Camisa feminina estampada;4;1;R$49,22;R$79,90;;;;;
Camisaria Milani;222-17;Camisa feminina estampada crepe M/C;3;1;R$49,22;R$79,90;R$79,90;;;;
Camisaria Milani;222-17;Camisa feminina estampada crepe M/C;3;1;R$49,22;R$79,90;R$79,90;;;;
Camisaria Milani;230-17;Camisa feminina estampada S/M;3;1;R$46,67;R$75,00;R$75,00;;;;
Camisaria Milani;230-17;Camisa feminina estampada S/M;4;1;R$46,67;R$75,00;R$75,00;;;;
Camisaria Milani;230-17;Camisa feminina estampada S/M;2;1;R$46,67;R$75,00;R$75,00;;;;
Camisaria Milani;236-17;Blusa feminina estampada M/C;3;1;R$39,86;R$69,90;R$69,90;;;;
Camisaria Milani;236-17;Blusa feminina estampada M/C;4;1;R$39,86;R$69,90;R$69,90;;;;
Camisaria Milani;232-17;Blusa feminina;3;1;R$39,87;R$69,90;R$69,90;;;;
Camisaria Milani;238-17;Blusa feminina lisa m/C;4;1;R$39,87;R$69,90;;;;;
Marca Nativa;911;shorts jeans;40;1;R$47,00;R$79,90;;;;;
Marca Nativa;911;shorts jeans;42;1;R$47,00;R$79,90;R$79,90;;;;
Bunita.com;V633A;Macaquinho com renda;M;1;R$19,90;R$59,90;;;;;
Bunita.com;V673A;Blusa com manga em couro;M;1;R$19,90;R$59,90;;;;;
Bunita.com;B501A;Calça Pantacourt;P;1;R$29,90;R$59,90;;;;;
Bunita.com;B701A;Regata ribana;M;1;R$9,90;R$18,00;;;;;
Bunita.com;B701A;Regata ribana;G;1;R$9,90;R$18,00;;;;;
Bunita.com;B791A;Vestido de renda;M;1;R$89,00;R$130,00;R$130,00;;;;
Tre Fiori - Jaraguá;839;Vestido de malha vermelho;G;1;R$39,12;R$79,90;R$79,90;;;;
Tre Fiori - Jaraguá;831;Blusinha em malha;M;1;R$29,84;R$49,90;R$49,90;;;;
Arlindo Legging;;Legging preta;P;1;R$20,00;R$29,90;;;;;
Arlindo Legging;;Legging preta;P;1;R$20,00;R$29,90;R$29,90;;;;
Arlindo Legging;;Legging preta;M;1;R$20,00;R$29,90;;;;;
Arlindo Legging;;Legging preta;M;1;R$20,00;R$29,90;;;;;
Arlindo Legging;;Legging preta;G;1;R$20,00;R$29,90;R$29,90;;;;
Arlindo Legging;;Legging preta;GG;1;R$20,00;R$29,90;;;;;
Arlindo Legging;;Legging preta;GG;1;R$20,00;R$29,90;;;;;
Arlindo Legging;;Bermuda;G1;1;R$15,00;R$29,90;;;;;
Arlindo Legging;;Bermuda;G2;1;R$15,00;R$29,90;;;;;
Arlindo Legging;;Bermuda;G3;1;R$15,00;R$29,90;;;;;
Arlindo Legging;;Short saia ginástica;M;1;R$13,00;R$19,90;;;;;
Arlindo Legging;;Short saia ginástica;G;1;R$13,00;R$19,90;;;;;
Bunita.com;B819A;Blusa com lacinhos;M;1;R$52,00;R$89,90;R$45,00;;;;
Bunita.com;B808A;Camisa cropped c babado;G;1;R$55,00;R$89,90;;;;;
Bunita.com;B808A;Camisa cropped c babado;M;1;R$55,00;R$89,90;;;;;
Bunita.com;B751A;Blusa decote bordado;P;1;R$69,00;R$99,90;R$49,90;;;;
Bunita.com;V787A; blusa crepe aia;M;1;R$63,00;R$99,90;;;;;
Bunita.com;B682A;blusa crepe com passamanaria;M;1;R$56,00;R$89,90;;;;;
Bunita.com;V731A;blusa com decote em renda;P;1;R$59,00;R$89,90;R$89,90;;;;
Bunita.com;B784A;camisa viscose;M;1;R$55,00;R$89,90;R$89,90;;;;
Bunita.com;B703A; blusa com pregas na pala;G;1;R$54,00;R$89,90;;;;;
Bunita.com;V793A;blusa cutwork com top;G;1;R$69,00;R$99,90;R$99,90;;;;
Bunita.com;V831A;blusa crepe crisp;M;1;R$54,00;R$89,90;R$45,00;;;;
Bunita.com;V724A;blusa decote gotas;P;1;R$53,00;R$89,90;R$45,00;;;;
Bunita.com;B752A;vestido jacquard color;G;1;R$105,00;R$139,90;R$69,90;;;;
Bunita.com;B657A;vestido peb;M;1;R$84,00;R$139,90;R$79,90;;;;
Marca Nativa;968;Vestido Jeans Ciganinha;M;1;R$59,90;R$95,00;R$69,90;;;;
Marca Nativa;968;Vestido Jeans Ciganinha;G;1;R$59,90;R$95,00;R$85,00;;;;
Marca Nativa;760;Bermuda feminina;44;1;R$47,90;R$79,90;R$79,90;;;;
Marca Nativa;908; Calça feminina;42;1;R$53,90;R$89,90;R$89,90;;;;
Marca Nativa;908; Calça feminina;38;1;R$53,90;R$89,90;R$89,90;;;;
Loja Dabô;M0653;Calça Exclusive preto;P;1;R$64,34;R$99,90;R$99,90;;;;
Loja Dabô;M0653;Calça Exclusive preto;G;1;R$64,34;R$99,90;R$79,90;;;;
Loja Dabô;M1152;Fuso Montaria Live free preto;GG2;1;R$71,95;R$99,90;;;;;
Loja Dabô;M1152;Fuso Montaria Live free preto;P;1;R$60,98;R$99,90;;;;;
Mirasul;M1003;Capri Vogue Preto;P;1;R$37,51;R$69,90;;;;;
Mirasul;M1003;Capri Vogue Preto;M;1;R$37,51;R$69,90;R$69,90;;;;
Mirasul;M1003;Capri Vogue Preto;G;1;R$37,51;R$69,90;;;;;
Mirasul;M0421;Polo preto;G;1;R$36,30;R$59,90;;;;;
Mirasul;M0421;Polo royal;GG;1;R$36,30;R$59,90;;;;;
Mirasul;D0618;Blusa resort preto;P;1;R$47,43;R$89,90;;;;;
Mirasul;M1066;Vestido rufus sortido;GG1;1;R$39,13;R$59,90;;;;;
Mirasul;M1074;Blusa leve conforto sortido;GG;1;R$26,12;R$49,00;;;;;
Mirasul;M1074;Blusa leve conforto sortido;GG;1;R$26,12;R$49,00;;;;;
Mirasul;M1143;Capri fluida ;GG2;1;R$45,81;R$69,90;;;;;
Mirasul;M1146;Saia good choice preto;P;1;R$41,51;R$69,90;;;;;
Mirasul;M1146;Saia good choice preto;M;1;R$41,51;R$69,90;R$55,90;;;;
Mirasul;M1146;Saia good choice preto;G;1;R$41,51;R$69,90;R$69,90;;;;
Mirasul;M1179;Blusa charme e glamour cinza;GG1;1;R$51,04;R$89,90;;;;;
Mirasul;M1183;Vestido dia de sol sortido;P;1;R$33,25;R$59,90;R$59,90;;;;
Mirasul;M1183;Vestido dia de sol sortido;GG3;1;R$39,24;R$59,90;;;;;
Mirasul;M1210;Vestido sumer dream verde;M;1;R$48,65;R$99,90;;;;;
Mirasul;M1215;Vestido hepbur ;G;1;R$66,18;R$99,90;R$59,90;;;;
Mirasul;M1228;Blusa Magia Cru;GG1;1;R$63,96;R$99,90;;;;;
Marca Nativa;911;Shorts;44;1;R$47,90;R$79,90;R$71,90;;;;
Mirasul;M0050;Capri Gorgurão ;GG;1;R$26,37;R$39,90;;;;;
Mirasul;M0050;Capri Gorgurão ;G;1;R$26,37;R$39,90;;;;;
Mirasul;M1074;Blusa leve conforto sortido;GG1;1;R$26,12;R$49,00;;;;;
Mirasul;M1220;Saia primavera sortido;P;1;R$29,28;R$49,90;;;;;
Mirasul;M1220;Saia primavera sortido;M;1;R$29,28;R$49,90;;;;;
Mirasul;M1220;Saia primavera sortido;G;1;R$29,28;R$49,90;;;;;
Mirasul;M1228;Blusa magia cru ;P;1;R$54,20;R$99,90;R$49,90;;;;
Mirasul;M1199;Vestido calor de verão;GG2;1;R$46,40;R$79,90;;;;;
Mirasul;M1003;Capri vogue preto;M;2;R$37,51;R$69,90;69,90 (M);;;;
Marca Nativa;942;Shorts jeans;36;1;R$47,90;R$49,90;R$49,90;;;;
Marca Nativa;942;Shorts jeans;38;1;R$47,90;R$49,90;;;;;
Marca Nativa;942;Shorts jeans;42;1;R$47,90;R$49,90;;;;;
Marca Nativa;878;Calça jeans;38;1;R$53,90;R$89,90;;;;;
Marca Nativa;878;Calça jeans;40;1;R$53,90;R$89,90;R$69,90;;;;
Marca Nativa;878;Calça jeans;42;1;R$53,90;R$89,90;R$69,90;;;;
Rovitex;910225;Blusa Manga Longa;P;2;R$19,90;R$29,90;;;;;
Rovitex;910225;Blusa Manga Longa;M;2;R$19,90;R$29,90;;;;;
Rovitex;910225;Blusa Manga Longa;G;2;R$19,90;R$29,90;;;;;
Rovitex;910225;Blusa Manga Longa;GG;2;R$19,90;R$29,90;;;;;
Rovitex;E12230;Jaqueta;P;1;R$69,95;R$99,00;;;;;
Rovitex;E12230;Jaqueta;M;2;R$69,95;R$99,00;;;;;
Rovitex;E12230;Jaqueta;G;2;R$69,95;R$99,00;;;;;
Rovitex;E12230;Jaqueta;GG;1;R$69,95;R$99,00;;;;;
Rovitex;6123625;Blusão moletom;P;1;R$39,90;R$67,90;R$67,90;;;;
Rovitex;6123625;Blusão moletom;M;1;R$39,90;R$67,90;R$54,30;;;;
Rovitex;6123625;Blusão moletom;G;1;R$39,90;R$67,90;R$67,90;;;;
Rovitex;6123625;Blusão moletom;GG;1;R$39,90;R$67,90;;;;;
Rovitex;6124025;Jaqueta;P;1;R$49,52;R$89,90;;;;;
Rovitex;6124025;Jaqueta;M;2;R$49,52;R$89,90;R$89,90;;;;
Rovitex;6124025;Jaqueta;G;1;R$49,52;R$89,90;;;;;
Rovitex;6124025;Jaqueta;GG;1;R$49,52;R$89,90;;;;;
Camisaria Milani Ltda Epp;304-17;Camisa Fem. Xadrez M/L;3;1;R$56,02;R$79,90;;;;;
Camisaria Milani Ltda Epp;304-17;Camisa Fem. Xadrez M/L;5;1;R$56,02;R$79,90;;;;;
Camisaria Milani Ltda Epp;322-17;Camisa Fem. Estampada m/L;5;1;R$56,02;R$79,90;;;;;
Camisaria Milani Ltda Epp;328-17;Camisa Fem Estampada c/gola M/L;4;1;R$56,02;R$79,90;R$79,90;;;;
Camisaria Milani Ltda Epp;328-17;Camisa Fem Estampada c/gola M/L;5;1;R$56,02;R$79,90;R$79,90;;;;
Camisaria Milani Ltda Epp;330-17;Camisa Fem lisa m/l;4;1;R$54,31;R$79,90;;;;;
Camisaria Milani Ltda Epp;330-17;Camisa Fem lisa m/l;5;1;R$54,31;R$79,90;;;;;
Camisaria Milani Ltda Epp;334-17;Camisa Fem lisa Gravatinha M/L;4;1;R$50,06;R$79,90;;;;;
Camisaria Milani Ltda Epp;334-17;Camisa Fem lisa Gravatinha M/L;5;1;R$50,06;R$79,90;R$49,90;;;;
Camisaria Milani Ltda Epp;336-17;Camisa Fem Poa Gravatinha M/L;3;1;R$52,62;R$79,90;R$79,90;;;;
Camisaria Milani Ltda Epp;336-17;Camisa Fem Poa Gravatinha M/L;5;1;R$52,62;R$79,90;;;;;
Camisaria Milani Ltda Epp;338-17;Camisa Fem Estampada Gola redonda;3;1;R$50,06;R$79,90;R$79,90;;;;
By Unna Jeans;52284242;Calça Cigarrete Unna;42;1;R$69,98;R$99,00;;;;;
By Unna Jeans;52284244;Calça Cigarrete Unna;44;1;R$69,98;R$99,00;R$99,00;;;;
By Unna Jeans;5259240;Calça Cigarrete Hotpants Unna;40;1;R$79,98;R$99,00;R$69,90;;;;
By Unna Jeans;5328138;Calça Jegging Unna Dolly;38;1;R$69,98;R$99,00;;;;;
By Unna Jeans;5328140;Calça Jegging Unna Dolly;40;1;R$69,98;R$99,00;;;;;
By Unna Jeans;5328142;Calça Jegging Unna Dolly;42;1;R$69,98;R$99,00;;;;;
Marca Nativa;882;Calça Feminina;40;1;R$56,90;R$99,00;R$89,00;;;;
Marca Nativa;698;Calça Feminina;40;1;R$56,90;R$99,00;;;;;
Marca Nativa;786;Calça Feminina;40;1;R$56,90;R$99,00;;;;;
Marca Nativa;1193;Calça Feminina;38;1;R$56,90;R$99,00;;;;;
Marca Nativa;807;Calça Feminina ( Hot Pants);42;1;R$56,90;R$99,00;;;;;
Marca Nativa;1193;Calça Feminina;42;1;R$56,90;R$99,00;R$89,00;;;;
Marca Nativa;1201;Calça Feminina;38;1;R$56,90;R$99,00;R$69,90;;;;
Marca Nativa;734;Calça Feminina;38;1;R$56,90;R$99,00;R$99,00;;;;
Marca Nativa;698;Calça Feminina;44;1;R$56,90;R$99,00;R$69,90;;;;
Marca Nativa;1201;Calça Feminina;44;1;R$56,90;R$99,00;R$69,90;;;;
Marca Nativa;702-8;Calça Feminina;40;1;R$56,90;R$99,00;R$99,00;;;;
Marca Nativa;892-5;Calça Feminina;42;1;R$56,90;R$99,00;;;;;
Marca Nativa;1197;Jaqueta Feminina;GG;1;R$74,90;R$99,00;R$99,90;;;;
Marca Nativa;1202;Jaqueta Feminina;GG;1;R$74,90;R$99,00;R$99,90;;;;
Marca Nativa;;Calça Feminina;48;1;R$56,90;R$99,00;R$99,00;;;;
Averzzy;3411;Blusa com det.em couro;G2;1;R$32,92;R$65,90;R$65,90;;;;
Averzzy;3413;Blusa com guipir;G2;1;R$44,92;R$89,90;R$49,90;;;;
Averzzy;3425;Blusa listrada com detalhe em renda;P;1;R$23,55;R$47,50;R$47,50;;;;
Averzzy;3434;Blusa vesti legging;G;1;R$32,92;R$65,90;;;;;
Averzzy;3434;Blusa vesti legging;GG;1;R$32,92;R$65,90;;;;;
Averzzy;3437;Blusa estilo imperial;M;1;R$35,17;R$69,90;;;;;
Averzzy;3450;Calça Montaria preta;G;1;R$27,67;R$49,90;;;;;
Averzzy;3450;Calça Montaria preta ;GG;1;R$27,67;R$49,90;;;;;
Averzzy;3450;Calça Montaria marrom;G;1;R$27,67;R$49,90;;;;;
Averzzy;3458;Colete longo preto;M;1;R$39,67;R$79,90;R$39,90;;;;
Averzzy;3458;Colete longo verde;G;1;R$39,67;R$79,90;Devolvido;;;;
Averzzy;3458;Colete longo caramelo;G;1;R$39,67;R$79,90;R$39,90;;;;
Averzzy;3459;Blusa ciganinha ombro vazado;P;1;R$32,92;R$65,90;R$65,90;;;;
Averzzy;3459;Blusa ciganinha ombro vazado;M;1;R$32,92;R$65,90;R$65,90;;;;
Averzzy;3479;Blusa com det. em corrente;M;1;R$29,17;R$59,90;R$53,00;;;;
Tre Fiore;918;Blusa Viscolycra/Renda;G;1;R$32,62;R$49,90;R$49,90;;;;
Tre Fiore;907;Blusa Multifresh/Viscolycra azul;P;1;R$39,55;R$79,00;R$49,90;;;;
Tre Fiore;907;Blusa Multifresh/Viscolycra azul;M;1;R$39,55;R$79,00;R$79,00;;;;
Tre Fiore;907;Blusa Multifresh/Viscolycra preta;G;1;R$39,55;R$79,00;R$79,00;;;;
Tre Fiore;897;Blusa básica branca;G;1;R$20,23;R$29,90;R$29,90;;;;
Tre Fiore;896;Blusa básica azul;G;1;R$20,23;R$29,90;;;;;
Tre Fiore;920;Blusa feminina;G;1;R$27,93;R$55,90;;;;;
Tre Fiore;902;Blusa feminina;M;1;R$30,03;R$59,90;;;;;
Tre Fiore;900;Blusa feminina;M;1;R$34,79;R$59,90;;;;;
Tre Fiore;916;Blusa feminina;M;1;R$30,73;R$59,90;;;;;
Tre Fiore;898;Blusa feminina;M;1;R$20,23;R$29,90;;;;;
Tre Fiore;919;Blusa feminina;P;1;R$31,29;R$59,90;;;;;
Tre Fiore;919;Blusa feminina;M;1;R$31,29;R$59,90;R$39,90;;;;
Tre Fiore;899;Blusa feminina;M;1;R$20,23;R$29,90;R$29,90;;;;
Tre Fiore;899;Blusa feminina;M;1;R$20,23;R$29,90;;;;;
Tre Fiore;915;Blusa feminina;P;1;R$26,32;R$49,90;;;;;
Tre Fiore;957;Blusa feminina;P plus;1;R$34,93;R$69,90;;;;;
Marca Nativa;342;Blusa Jeans;P;1;R$49,99;R$89,90;;;;;
Marca Nativa;342;Blusa Jeans;M;1;R$49,99;R$89,90;R$89,90;;;;
Marca Nativa;342;Blusa Jeans;G;1;R$49,99;R$89,90;R$89,90;;;;
Marca Nativa;714;Camisete Feminino jeans;P;1;R$58,90;R$79,90;R$79,90;;;;
Marca Nativa;714;Camisete Feminino jeans;M;1;R$58,90;R$79,90;;;;;
Marca Nativa;1205-5;Calça Fem ( verde);40;1;R$56,90;R$99,00;R$99,00;;;;
Marca Nativa;886;Calça Fem Preta Flyer;36;1;R$56,90;R$99,00;R$99,00;;;;
Marca Nativa;809;Calça Feminina Preta;42;1;R$56,90;R$99,00;R$99,00;;;;
Marca Nativa;892;Calça feminina branca;36;1;R$56,90;R$99,00;R$99,00;;;;
Fio Mix;;Calça moletim cinza;P;1;R$49,90;R$79,90;R$79,90;;;;
Fio Mix;;Calça moletim preta;M;1;R$49,90;R$79,90;R$79,90;;;;
Fio Mix;;Calça moletim preta;G;1;R$49,90;R$79,90;R$79,90;;;;
Fio Mix;;Calça moletim cinza;G1;1;R$51,90;R$79,90;R$79,90;;;;
Fio Mix;;Blazer rose;G;1;R$69,90;R$99,90;R$99,90;;;;
Fio Mix;;Blazer verde;M;1;R$69,90;R$99,90;R$99,90;;;;
Averzzy;3430;Jaqueta de moletom com det. em metalassê;P;1;R$65,70;R$99,90;R$99,90;;;;
Averzzy;3440;Cardigan azul;P;1;R$39,67;R$65,00;R$65,00;;;;
Averzzy;3440;Cardigan bordo;M;1;R$39,67;R$65,00;R$65,00;;;;
Averzzy;3459;Blusa ciganinha ombro vazado;M;1;R$32,92;R$65,90;;;;;
Averzzy;3460;Blusa Manga Flyer;P;1;R$43,28;R$69,00;;;;;
Averzzy;3460;Blusa Manga Flyer;M;1;R$43,28;R$69,00;R$69,00;;;;
Averzzy;3478;Kimono de renda;P;1;R$20,92;R$39,90;;;;;
Averzzy;3478;Kimono de renda;M;1;R$20,92;R$39,90;;;;;
Allpin;300675;Calça Montaria det em matelasse (Preta);GG;1;R$38,90;R$59,90;R$28,00;;;;
Allpin;300675;Calça Montaria det em matelasse vermelha;M;1;R$39,90;R$59,90;R$28,00;;;;
Allpin;300675;Calça Montaria det em matelasse vermelha;G;1;R$39,90;R$59,90;R$28,00;;;;
Allpin;300675;Calça Montaria det em matelasse vermelha;GG;1;R$39,90;R$59,90;R$28,00;;;;
Allpin;400045;Calça Montaria Zipper;P;1;R$39,90;R$59,90;R$59,90;;;;
Allpin;400045;Calça Montaria Zipper;M;1;R$39,90;R$59,90;R$59,90;;;;
Allpin;400045;Calça Montaria Zipper;G;1;R$39,90;R$59,90;R$28,00;;;;
Allpin;400505;Calça Montaria Recorte;GG;1;R$47,90;R$69,90;R$69,90;;;;
Allpin;400015;Calça Montaria Suplex;GG;1;R$39,90;R$59,90;R$59,90;;;;
Marca Nativa;887;Calça Feminina Jeans Clara;38;1;R$56,90;R$99,00;R$99,00;;;;
Marca Nativa;887;Calça Feminina Jeans Clara;40;1;R$56,90;R$99,00;R$99,00;;;;
Marca Nativa;1177;Colete Jeans Feminino ;M;1;R$58,90;R$99,00;R$52,00;;;;
Marca Nativa;1177;Colete Jeans Feminino ;G;1;R$58,90;R$99,00;R$99,00;;;;
Averzzy;3425;Blusa listrada com detalhe em renda;M;1;R$31,40;R$49,90;R$49,90;;;;
Maugi Plus Size;410;Blusa Maugi Plus;G2;1;R$39,99;R$69,90;R$45,00;;;;
Maugi Plus Size;4190;Blusa Maugi Plus;G3;1;R$36,99;R$69,90;;;;;
Maugi Plus Size;460;Blusa Maugi Plus;G1;1;R$39,99;R$69,90;;;;;
Maugi Plus Size;464;Blusa Maugi Plus;G3;1;R$39,99;R$69,90;;;;;
Camisaria Milani Ltda Epp;322-17;Camisa Feminina Estampada Sortidas;4;1;R$66,40;R$99,00;R$79,90;;;;
Camisaria Milani Ltda Epp;322-17;Camisa Feminina Estampada Sortidas;5;1;R$66,40;R$99,00;R$79,90;;;;
Camisaria Milani Ltda Epp;338-17;Camisa Feminina Estampada Gola Redonda M/L;2;1;R$60,70;R$99,00;;;;;
Camisaria Milani Ltda Epp;338-17;Camisa Feminina Estampada Gola Redonda M/L;3;1;R$60,70;R$99,00;;;;;
Camisaria Milani Ltda Epp;338-17;Camisa Feminina Estampada Gola Redonda M/L;4;1;R$60,70;R$99,00;R$55,00;;;;
Camisaria Milani Ltda Epp;338-17;Camisa Feminina Estampada Gola Redonda M/L;5;1;R$60,70;R$99,00;;;;;
Millenium;;Calça solcial com elastano  preta M;M;1;R$61,90;R$99,90;R$99,90;;;;
Millenium;;Calça solcial com elastano  preta GG;GG;1;R$61,90;R$99,90;R$99,90;;;;
Millenium;;Calça solcial com elastano  preta G;G;1;R$61,90;R$99,90;R$99,90;;;;
Marca Nativa;807;Calça feminina ( hot Pants) ;40;1;R$56,90;R$99,00;R$69,90;;;;
Marca Nativa;807;Calça feminina ( hot Pants);38;1;R$56,90;R$99,00;;;;;
Marca Nativa;809;Calça feminina preta;38;1;R$56,90;R$99,00;R$99,00;;;;
Marca Nativa;809;Calça feminina preta;40;1;R$56,90;R$99,00;R$89,00;;;;
Marca Nativa;786;Calça feminina clara;46;1;R$56,90;R$99,00;;;;;
Marca Nativa;1198;Calça feminina flyer;40;1;R$56,90;R$99,00;;;;;
Marca Nativa;1198;Calça feminina flyer;42;1;R$56,90;R$99,00;;;;;
Marca Nativa;1008;Camisa feminina jeans clara;M;1;R$56,90;R$89,90;;;;;
Marca Nativa;1008;Camisa feminina jeans clara;G;1;R$56,90;R$89,90;R$89,90;;;;
Averzzy;17081;Kimono Jacar;ùnico;1;R$59,00;R$79,90;;;;;
Averzzy;17081;Kimono Jacar;ùnico;1;R$59,00;R$79,90;;;;;
Averzzy;3455;Sobretudo Gola Carreca;M;1;R$54,68;R$89,90;;;;;
Averzzy;3464;Blazer thuid;M;1;R$42,67;R$89,90;;;;;
Averzzy;3464;Blazer thuid;G;1;R$42,67;R$89,90;;;;;
Averzzy;3464;Blazer thuid;GG;1;R$42,67;R$89,90;R$89,90;;;;
Averzzy;3464;Blazer thuid (marrom);G;1;R$34,14;R$89,90;R$89,90;;;;
Averzzy;3487;Blusa básica decote V;M;2;R$16,42;R$19,90;R$19,90;R$19,90;;;
Averzzy;2411;Blusa basica d/V cotton 40;G3;2;R$12,67;R$24,90;R$19,90;R$19,90;;;
Averzzy;2411;Blusa basica d/V cotton 41;G;2;R$12,67;R$24,90;;;;;
Marca Nativa;849;Calça jeans feminina escura hot pants;36;1;R$50,00;R$69,90;R$69,90;;;;
Marca Nativa;849;Calça jeans feminina escura hot pants;38;1;R$50,00;R$69,90;R$69,90;;;;
Marca Nativa;849;Calça jeans feminina escura hot pants;40;1;R$50,00;R$69,90;R$69,90;;;;
Marca Nativa;849;Calça jeans feminina escura hot pants;42;1;R$50,00;R$69,90;;;;;
Marca Nativa;849;Calça jeans feminina escura hot pants;44;1;R$50,00;R$69,90;R$69,90;;;;
Marca Nativa;849;Calça jeans feminina escura hot pants;46;1;R$50,00;R$69,90;R$69,90;;;;
By Unna Jeans;50073;Calça jeans feminina colorida hot pants rosa;36;1;R$39,98;R$69,90;;;;;
By Unna Jeans;50073;Calça jeans feminina colorida hot pants rosa;38;1;R$39,98;R$69,90;R$69,90;;;;
By Unna Jeans;50073;Calça jeans feminina colorida hot pants rosa;40;1;R$39,98;R$69,90;;;;;
By Unna Jeans;50073;Calça jeans feminina colorida hot pants rosa;42;1;R$39,98;R$69,90;R$69,90;;;;
By Unna Jeans;50073;Calça jeans feminina colorida hot pants verde;40;1;R$39,98;R$69,90;;;;;
By Unna Jeans;50073;Calça jeans feminina colorida hot pants verde;44;1;R$39,98;R$69,90;;;;;
Marca Nativa;1008;Camisete jeans alongado;M;1;R$61,90;R$69,90;R$69,90;;;;
Marca Nativa;1008;Camisete jeans alongado;G;1;R$61,90;R$69,90;;;;;
Marca Nativa;1008;Camisete jeans alongado;GG;1;R$61,90;R$69,90;R$69,90;;;;
Marca Nativa;1208;Calça jeans feminina;42;1;R$56,90;R$69,90;;;;;
Marca Nativa;1208;Calça jeans feminina;44;1;R$56,90;R$69,90;;;;;
Averzzy;2411;Blusas básicas viscose;M, G, GG;9;R$12,67;R$19,90;;;;;
Mileninum;;Calça moletim preta;M;1;R$49,90;R$49,90;R$49,90;;;;
Mileninum;;Calça moletim preta;G;1;R$49,90;R$49,90;R$49,90;;;;
Camisaria Milani;110-18;Blusa fem. gola alta estampada S/M;3,4 e 5;3;R$49,22;R$79,90;79,90 (3);79,90 (4);59,90 (5);;
Camisaria Milani;112-18;Camisa feminina Maquineta S/M;3,4 e 5;3;R$56,02;R$79,90;79,90(3);;;;
Camisaria Milani;113-18;Camisa feminina Maquineta extra S/M;6;1;R$61,12;R$79,90;;;;;
Camisaria Milani;106-18;Blusa feminina estampada M/C;2,3, 4 e 5;4;R$49,22;R$79,90;79,9 (3);79,90 (2);79,90 (4);79,90 (5);
Camisaria Milani;102-18;Blusa feminia estampada M/C;4 e 5;2;R$49,22;R$79,90;79,9 (4);79,90 (5);;;
Camisaria Milani;103-18;Blussa feminina estampada extra M/C;6;1;R$54,32;R$79,90;;;;;
Camisaria Milani;108-18;Blusa feminina gola alta estampada M/C;3, 4 e 5;3;R$50,92;R$79,90;;;;;
Camisaria Milani;118-18;Camisa feminina estampada M/C;3 e 4;2;R$53,47;R$79,90;;;;;
Camisaria Milani;119-18;Camisa feminina estampada extra M/C;6;1;R$58,56;R$79,90;;;;;
Camisaria Milani;114-18;Camisa feminina lisa M/C;3,4  e 5;3;R$53,47;R$79,90;;;;;
Camisaria Milani;116-18;Camisa feminina lisa 7/8;3, 4 e 5;3;R$59,42;R$79,90;;;;;
Averzzi;2724;Saia Anna em courino preta;P, M, G;3;R$27,67;R$39,90;39,90 M;;;;
Averzzi;2791;Blusa basica manga curta gola redonda;M, G e GG;10;R$12,45;R$19,90;;;;;
Averzzi;3501;Blusa ciganinha;G1, G2 e G3;3;R$35,17;R$52,90;52,90 G2;52,90 G3;;;
Averzzi;3528;Vestido regata;M;1;R$23,17;R$35,00;R$35,00;;;;
Averzzi;3529;Blusa ciganinha;M e G;2;R$17,92;R$28,00;28 M;28 G;;;
Averzzi;3541;Vestido midi;M e G;2;R$26,17;R$49,90;;;;;
Averzzi;3550;Blusa ciganinha com babado;M e GG;2;R$17,17;R$39,90;;;;;
Averzzi;3554;Blusa dec. V com spikes;M e G;3;R$29,92;R$44,90;44,9 M;44,9 G;;;
Averzzi;3555;Blusa decote v com ilhos;P;1;R$27,38;R$41,90;;;;;
Averzzi;3561;Blusa alcinha transpassada;G;1;R$26,17;R$39,90;;;;;
Averzzi;3568;Vestido com babado no decote;M e G;2;R$32,92;R$59,90;59,9 G;;;;
Averzzi;3572;Vestido ciganinha;P;1;R$43,42;R$69,90;;;;;
Averzzi;3575;Vestido tubinho;G;1;R$50,93;R$79,90;R$79,90;;;;
Averzzi;3577;Blusa manga boneca;M;1;R$22,42;R$35,00;R$35,00;;;;
Averzzi;3591;Blusa de ribana gola alta;P, M, G, GG;7;R$16,42;R$29,90;29,90 G;29,90 M;29,90 P;29,90 M;29,90 G
Averzzi;3592;T-schirt estampada;P, M;2;R$18,67;R$28,00;R$28,00;R$28,00;;;
Averzzi;703;Promocionais;M e G;2;R$14,90;R$28,00;29,9 G;;;;
Dabô Catarina;DO663P;Calça social skinny preto tam M;M;1;R$49,90;R$79,90;;;;;
Dabô Catarina;DO658P;Calça crepe preto tam. G;G;1;R$49,90;R$79,90;;;;;
Dabô Catarina;M1221B;Calça finesse bege tam. G;G;1;R$39,90;R$69,90;;;;;
Dabô Catarina;M1221P;Calça finesse preto tam. P;P;1;R$39,90;R$69,90;R$69,90;;;;
Dabô Catarina;D0400S;Calça expression sortido tam G;G;1;R$39,90;R$69,90;;;;;
Dabô Catarina;D0400S;Calça expression sortido tam GG;GG;1;R$39,90;R$69,90;;;;;
Dabô Catarina;D0400S;Calça expression sortido tam M;M;1;R$39,90;R$69,90;;;;;
Dabô Catarina;D0008P;Calça Fancy preto Tam. P;P;1;R$49,90;R$79,90;;;;;
Dabô Catarina;M1221P;Calça finesse preto tam. P;P;1;R$39,90;R$69,90;;;;;
Dabô Catarina;D0008P;Calça Fancy preto Tam.M;M;1;R$49,90;R$79,90;;;;;
Dabô Catarina;D0658B;Calça crepe bege tam. M;M;1;R$49,90;R$79,90;;;;;
Dabô Catarina;05D015;Calça tred design azul tam 44;44;1;R$49,90;R$99,00;R$99,00;;;;
Dabô Catarina;02D036;Calça skinny azul tam 38;38;1;R$49,90;R$99,00;;;;;
Dabô Catarina;M1221B;Calça finesse bege tam M;M;1;R$39,90;R$69,90;;;;;
Dabô Catarina;M1279B;Calça flare vegas borbo tam pp;PP;1;R$49,90;R$79,90;;;;;
Dabô Catarina;D0663P;Calça social skinny preto tam P;P;1;R$49,90;R$79,90;;;;;
Dabô Catarina;D0663P;Calça social skinny preto tam G;G;1;R$49,90;R$79,90;;;;;
Marca Nativa;1242;Short feminino;46;1;R$49,90;R$79,90;R$79,90;;;;
Marca Nativa;1242;Short feminino;44;1;R$49,90;R$79,90;R$79,90;;;;
Marca Nativa;1242;Short feminino;42;1;R$49,90;R$79,90;;;;;
Marca Nativa;1242;Short feminino;40;1;R$49,90;R$79,90;R$79,90;;;;
Marca Nativa;1242;Short feminino;38;1;R$49,90;R$79,90;;;;;
Marca Nativa;1242;Short feminino;36;1;R$49,90;R$79,90;;;;;
Marca Nativa;1195;Calça feminina;44;1;R$56,90;R$99,00;;;;;
Marca Nativa;734;Calça feminina;50;1;R$56,90;R$99,00;R$80,00;;;;
Marca Nativa;734;Calça feminina;46;1;R$56,90;R$99,00;;;;;
Marca Nativa;734;Calça feminina;44;1;R$56,90;R$99,00;;;;;
Marca Nativa;734;Calça feminina;40;1;R$56,90;R$99,00;;;;;
Marca Nativa;734;Calça feminina;38;1;R$56,90;R$99,00;;;;;
Marca Nativa;734;Calça feminina;36;1;R$56,90;R$99,00;;;;;
Marca Nativa;1247-8;Calça capri vermelha;40;1;R$56,90;R$99,00;;;;;
Marca Nativa;1247-8;Calça capri vermelha;38;1;R$56,90;R$99,00;;;;;
Marca Nativa;887;Calça feminina;38;1;R$56,90;R$99,00;;;;;
Marca Nativa;887;Calça feminina;36;1;R$56,90;R$99,00;;;;;
Marca Nativa;887;Calça feminina;42;1;R$56,90;R$99,00;;;;;
Marca Nativa;887;Calça feminina;40;1;R$56,90;R$99,00;R$99,00;;;;
Marca Nativa;1243;Short feminino;36;1;R$49,90;R$79,90;R$79,90;;;;
Marca Nativa;1243;Short feminino;34;1;R$49,90;R$79,90;;;;;
Marca Nativa;1243;Short feminino;38;1;R$49,90;R$79,90;;;;;
Marca Nativa;1243;Short feminino;40;1;R$49,90;R$79,90;;;;;
Marca Nativa;1243;Short feminino;42;1;R$49,90;R$79,90;R$79,90;;;;
Marca Nativa;1243;Short feminino;44;1;R$49,90;R$79,90;;;;;
Marca Nativa;1243;Short feminino;46;1;R$49,90;R$79,90;R$79,90;;;;
Marca Nativa;1210;Calça feminina;34;1;R$56,90;R$99,00;;;;;
Marca Nativa;1210;Calça feminina;40;1;R$56,90;R$99,00;;;;;
Marca Nativa;1210;Calça feminina;48;1;R$56,90;R$99,00;;;;;
Marca Nativa;1111;Macaquinho;PP;1;R$59,90;R$89,90;;;;;
Marca Nativa;1231;Vestido jeans feminino;M;1;R$59,90;R$89,90;R$89,90;;;;
Marca Nativa;1231;Vestido jeans feminino;G;1;R$59,90;R$89,90;R$80,91;;;;
Marca Nativa;1231;Vestido jeans feminino;GG;1;R$59,90;R$89,90;R$89,90;;;;
Marca Nativa;1240;Bermuda feminina;44;1;R$49,90;R$79,90;R$79,90;;;;
Marca Nativa;1240;Bermuda feminina;42;1;R$49,90;R$79,90;;;;;
Marca Nativa;1240;Bermuda feminina;40;1;R$49,90;R$79,90;;;;;
Marca Nativa;834;Saia jeans;36;1;R$49,90;R$79,90;;;;;
Marca Nativa;834;Saia jeans;38;1;R$49,90;R$79,90;R$79,90;;;;
Trefiore;983;Blusa estampada viscose;P ao GG;4;R$31,15;R$49,90;R$49,90;49,90M;;;
Trefiore;1000;Blusa com estampa em viscose;M;1;R$22,89;R$39,90;R$39,90;;;;
Trefiore;980;Camisa;;2;R$36,68;R$59,90;;;;;
Trefiore;981;Regata;;2;R$27,16;R$39,90;;;;;
Trefiore;985;Blusa;P e M;2;R$38,01;R$59,90;;;;;
Trefiore;988;Vestido;M;1;R$41,93;R$69,90;;;;;
Trefiore;989;Vestido;P e M;2;R$48,93;R$79,90;;;;;
Trefiore;992;Short feminino;M e G;2;R$30,03;R$49,90;45,00 G;45,00 M;;;
Trefiore;998;Blusa;;2;R$30,03;R$49,90;49,90 (M);;;;
Trefiore;1000;Blusa;M(2) e G(1);3;R$22,89;R$39,90;35,90 M;39,9 M;39,9 G;;
Trefiore;1004;Vestido;;2;R$45,08;R$79,90;;;;;
Trefiore;1009;Shorts;M;1;R$35,98;R$69,90;;;;;
Trefiore;1010;Calça shambray;M e G;2;R$51,24;R$79,90;79,90 M;79,90 G;;;
Trefiore;1014;Blusa;;2;R$26,74;R$49,90;;;;;
Trefiore;1015;Blusa;P, M e G;3;R$24,43;R$49,90;49,90 (P);49,90 (M);49,90 G;;
Trefiore;1016;Regata;;1;R$26,53;R$49,90;;;;;
Trefiore;1018;Vestido;;1;R$52,08;R$79,90;;;;;
Trefiore;1020;Vestido;M e G;2;R$44,03;R$69,90;;;;;
Trefiore;1024;Shorts;M e G;2;R$38,08;R$49,90;;;;;
Trefiore;1028;Blusa;;1;R$28,84;R$39,90;;;;;
Trefiore;1030;Vestido;;2;R$39,83;R$69,90;;;;;
Trefiore;1033;Blusa;;1;R$30,94;R$49,90;;;;;
Trefiore;1034;Blusa;;2;R$34,93;R$59,90;;;;;
Trefiore;1038;Regata;;1;R$27,93;R$49,90;;;;;
Trefiore;1041;Regata;;1;R$38,78;R$59,90;;;;;
Trefiore;1047;Blusa;;6;R$20,93;R$29,90;29,9 P;;;;
Trefiore;1048;Blusa;;2;R$23,73;R$39,90;;;;;
Trefiore;1049;Blusa;;3;R$24,43;R$39,90;;;;;
Trefiore;1054;Regata;;3;R$25,41;R$39,90;;;;;
Trefiore;1057;Blusa;P ao GG;4;R$22,19;R$39,90;39,90 (p);39,90 (M);39,90 (G);39,90 (GG);
Marca Nativa;752;Bermuda feminina;40;1;R$49,90;R$79,90;;;;;
Marca Nativa;1240;Bermuda feminina;44;1;R$49,90;R$79,90;;;;;
Marca Nativa;1245;Vestido feminino;P, M e G;3;R$59,90;R$89,90;;;;;
Marca Nativa;1111;Macaquinho;G;1;R$59,90;R$89,90;R$89,90;;;;
Averzzi;2728;Blusa ribana manga vazada;P, M G e GG;7;R$16,42;R$29,90;29,90 (G);;;;
Averzzi;3530;Blusa babado na manga;P,M, G e GG;4;R$14,92;R$39,90;;;;;
Averzzi;3577;Blusa manga boneca;P, M, G e GG;4;R$22,42;R$35,00;35,00 (P);35,00 (GG);;;
Averzzi;3592;T-shirt estampada;M, G, GG;3;R$18,67;R$28,00;28,00 (G);28,00M;28,00 GG;;
Camisaria Milani - Catarina;106-18;Blusa feminina estampada M/C;2 à 5;7;R$49,90;R$79,90;79,90 (2);79,90 (4);;;
Averzzi;3572;Vestido Ciganinha;G , GG ;4;R$43,42;R$69,90;69,90 G;69,90 GG;69,90 GG;69,90 (G);
Averzzi;3519;Vestido regata;G1 e G3;2;R$24,67;R$49,90;49,90 (G3);;;;
Marca Nativa;752;Bermuda feminina;36 e 40;2;R$49,90;R$79,90;;;;;
Marca Nativa;1256;Vestido feminino;PP ao G;4;R$59,90;R$89,90;89,90 (pp);;;;
Dabô Catarina;02D016;Calça casual style azul 38;38;2;R$49,90;R$79,90;;;;;
Dabô Catarina;05D029;Calça skinny c/ tachas azul;38 à 44;4;R$49,90;R$79,90;;;;;
Dabô Catarina;1468;Vestido Jersey babado rosa ;G e GG1;2;R$44,26;R$69,90;;;;;
Dabô Catarina;1546;Vestido viscose com babado rosa;GG1  ;2;R$90,24;R$129,90;;;;;
Dabô Catarina;1525;Veste manga com fenda branco;GG1  ;1;R$49,47;R$69,90;;;;;
Dabô Catarina;1525;Veste manga com fenda rosa;GG;1;R$41,92;R$69,90;;;;;
Dabô Catarina;1519;Veste Jersey japonesa;GG1 e GG3;2;R$32,41;R$49,90;49,90 (GG1);49,90 GG3;;;
Dabô Catarina;1546;Vestido viscose com babado rosa;P e M;2;R$76,47;R$109,90;;;;;
By Unna;523814;Shorts Hot pants UNNa;36 à 44;4;R$39,98;R$59,90;59,90 (40);;;;
By Unna;523816;Shorts Hot pants UNNa;36 à 44;5;R$39,98;R$59,90;59,90 (36);59,90 (42);;;
Averzzi;3577;Blusa manga boneca estampada;P ao GG;8;R$22,42;R$35,00;35,00 (GG);35,00 G;35,00 (GG);35,00 (P);
Averzzi;3591;Blusa de ribana gola alta;G;1;R$16,42;R$29,90;;;;;
Averzzi;3557;Blusa de alcinha estampada;P ao GG;4;R$21,67;R$29,90;29,90 (G);;;;
Averzzi;3565;Blusa alcinha;P ao GG;8;R$20,92;R$29,90;29,90 (P);29,90 (G);29,90 (GG);;
Marca Nativa;752;Bermuda pedal feminina;36 ao 42;4;R$49,90;R$79,90;79,90(40);79,90(38);79,90 (42);;
Marca Nativa;760;Bermuda feminina;36-38-40-48;4;R$49,90;R$79,90;;;;;
Marca Nativa;752;Bermuda feminina;38;1;R$49,90;R$79,90;79,90 (38);;;;
Marca Nativa;1267;Bermuda feminina;40,42,44;3;R$49,90;R$79,90;;;;;
Marca Nativa;1243;Shorts feminino;46;1;R$49,90;R$79,90;;;;;
Marca Nativa;1242;Shorts feminino;38,40,42,44,46;5;R$49,90;R$79,90;79,90 (38);;;;
Marca Nativa;988;Bermuda feminina;38,40,44;4;R$49,90;R$79,90;;;;;
Marca Nativa;752;Bermuda feminina;36;1;R$49,90;R$79,90;;;;;
Marca Nativa;1239-2;Bermuda feminina bege;38,40,46;3;R$49,90;R$79,90;;;;;
Marca Nativa;948-2;Bermudda feminina bege;38;1;R$49,90;R$79,90;;;;;
Marca Nativa;752;Bermuda feminina;40;1;R$49,90;R$79,90;R$71,90;;;;
Averzzi;2445;Saia vaso;M ao GG;3;R$27,67;R$49,00;49,00 M;49,90 G;;;
Averzzi;2791;Blusa básica manga curta gola redonda;M;4;R$12,45;R$19,90;;;;;
Averzzi;2866;Blusa de alça;M ao GG;8;R$9,68;R$15,00;;;;;
Averzzi;3500;Blusa manga listra;G2;1;R$29,92;R$45,00;;;;;
Averzzi;3503;Blusa com spaikes;G1;2;R$26,17;R$45,00;;;;;
Averzzi;3505;Vestido manga vazada;G2;2;R$37,42;R$49,90;;;;;
Averzzi;3506;Vestido decote V ;G2;1;R$41,85;R$69,90;69,90 (G2);;;;
Averzzi;3511;Vestido com detalhe em ilhos;G1;1;R$34,42;R$49,90;;;;;
Averzzi;3512;Blusa listrada com estampa frontal;G1;2;R$23,92;R$45,00;;;;;
Averzzi;3517;Bermuda bengaline;G1 à G4;5;R$37,42;R$69,90;69,90 (G4);69,90 (G3);;;
Averzzi;3518;Vestido ciganinha;G2;2;R$47,17;R$69,90;;;;;
Averzzi;3520;Vestido com manga;G1;1;R$38,92;R$49,90;;;;;
Averzzi;3529;Blusa ciganinha;G à GG;3;R$17,92;R$39,90;;;;;
Averzzi;707;Vestido devorê;P ao GG;4;R$35,00;R$69,90;69,90 (P);;;;
Camisaria Milani;110-18;Blusa fem. gola alta estampada S/M;;4;R$53,90;R$79,90;71,90 (4);79,90 (3);79,90 (2);;
Camisaria Milani;100-18;Blusa fem. maquineta M/C;;2;R$49,90;R$79,90;;;;;
Camisaria Milani;102-18;blusa fem. estampada M/C;;3;R$49,90;R$79,90;;;;;
Camisaria Milani;108-18;Blusa fem. gola alta estampada M/C;;2;R$49,90;R$79,90;;;;;
Averzzi;2508;Blusa alcinha;;2;R$21,52;R$31,90;;;;;
Averzzi;2529;Blusa alça cruzada;;2;R$20,21;R$31,90;;;;;
Averzzi;3557;Blusa de alçinha estampada;;4;R$23,12;R$31,90;31,90 (P);;;;
Averzzi;704;Vestido;;4;R$19,90;R$39,90;;;;;
Averzzi;711;Vestido;;3;R$24,90;R$49,90;;;;;
Averzzi;705;Blusa ombro vazado - Tshirts;P ao G;6;R$25,00;R$39,90;39,90 (G);39,90 (G);39,90 (G);;
Averzzi;704;Vestido ombro vazado;M ao GG;4;R$19,90;R$39,90;;;;;
By Unna;50010440;Calça Unna Original;40;1;R$49,98;R$79,90;;;;;
By Unna;50010442;Calça Unna Original;42;1;R$49,98;R$79,90;;;;;
By Unna;50010446;Calça Unna Original;46;1;R$49,98;R$79,90;;;;;
By Unna;50010544;Calça Cigarrete Unna Original;44;1;R$49,98;R$79,90;;;;;
By Unna;50011338;Calça Cigarrete Unna Original;38;1;R$49,98;R$79,90;;;;;
By Unna;50011340;Calça Cigarrete Unna Original;40;2;R$49,98;R$79,90;;;;;
By Unna;50011342;Calça Cigarrete Unna Original;42;2;R$49,98;R$79,90;;;;;
By Unna;50011344;Calça Cigarrete Unna Original;44;1;R$49,98;R$79,90;R$79,90;;;;
